,Title,Year,Age,IMDb,Netflix,Genres,Country,Language
21,John Mulaney: Kid Gorgeous at Radio City,2018,18,8.0,1.0,Comedy,United States,English
77,Dave Chappelle: Sticks & Stones,2019,18,8.5,1.0,Comedy,United States,English
132,Ricky Gervais: Humanity,2018,18,8.0,1.0,Comedy,United Kingdom,English
143,They'll Love Me When I'm Dead,2018,18,7.4,1.0,Documentary,United States,English
154,Ali Wong: Hard Knock Wife,2018,18,7.4,1.0,Comedy,United States,English
163,The American Meme,2018,,6.6,1.0,Documentary,United States,English
193,Mike Birbiglia: The New One,2019,,7.7,1.0,Comedy,United States,English
210,Miles Davis: Birth of the Cool,2019,,7.4,1.0,Biography,United States,
212,Screwb-18,2019,,7.1,1.0,Documentary,United States,English
219,Behind the Curve,2018,-18,6.5,1.0,Documentary,United States,English
227,Steve Martin and Martin Short: An Evening You Will Forget for the Rest of Your Life,2018,-18,7.1,1.0,Comedy,United States,English
235,Miracle in Cell No. 7,2019,-18,8.2,1.0,Drama,Turkey,Turkish
237,Trixie Mattel: Moving Parts,2019,,7.3,1.0,Documentary,United States,English
245,John Leguizamo's Latin History for Morons,2018,-18,7.5,1.0,Comedy,United States,English
350,Between Two Ferns: The Movie,2019,18,6.1,1.0,Comedy,United States,English
369,Tig Notaro: Happy To Be Here,2018,-18,6.7,1.0,Comedy,United States,English
370,Spelling the Dream,2020,-18,6.9,1.0,Documentary,United States,English
371,Knock Down the House,2019,-18,7.1,1.0,Documentary,United States,English
448,Hillbilly Elegy,2020,18,6.7,1.0,Drama,United States,English
476,Iliza Shlesinger: Elder Millennial,2018,18,7.2,1.0,Comedy,United States,English
489,Bad Trip,2020,18,6.6,1.0,Comedy,United States,English
498,The Game Changers,2019,,7.9,1.0,Documentary,United States,English
499,Michelle Wolf: Joke Show,2019,,7.2,1.0,Comedy,United States,English
511,Grass is Greener,2019,,7.2,1.0,Documentary,,
574,6 B-18oons,2018,18,5.9,1.0,Drama,United States,English
590,Wildlife,2018,-18,6.8,1.0,Drama,United States,English
594,Feminists: What Were They Thinking?,2018,,7.0,1.0,Documentary,United States,English
611,Rocks,2020,18,7.5,1.0,Drama,United Kingdom,English
631,Kuchh Bheege Alfaaz,2018,,7.5,1.0,Romance,India,Hindi
642,C/o Kancharapalem,2018,-18,9.0,1.0,Drama,India,Telugu
660,18 Presents,2020,18,6.7,1.0,Drama,Italy,Italian
725,Girl,2018,18,7.1,1.0,Thriller,United States,English
736,Tread,2020,,7.1,1.0,Documentary,United States,English
738,Kevin Hart: Irresponsible,2019,18,6.5,1.0,Comedy,United States,English
761,Katt Williams: Great America,2018,18,6.1,1.0,Comedy,United States,English
784,Hari Kondabolu: Warn Your Relatives,2018,,6.4,1.0,Comedy,United States,English
809,Bert Kreischer: Secret Time,2018,18,7.4,1.0,Comedy,,English
811,Breaking Boundaries: The Science of Our Planet,2021,-18,7.8,1.0,Documentary,United States,English
822,Joe Rogan: Strange Times,2018,,7.4,1.0,Comedy,,English
833,Fantastic Fungi,2019,-18,7.8,1.0,Documentary,United States,English
840,David Foster: Off the Record,2019,,6.8,1.0,Documentary,Canada,English
859,The Tree of Blood,2018,18,6.4,1.0,Drama,Spain,Spanish
871,American Son,2019,,5.8,1.0,Drama,United States,English
881,Taylor Tomlinson: Quarter-Life Crisis,2020,-18,7.4,1.0,Comedy,United States,English
882,-18 Day and a Night,2020,18,5.8,1.0,Drama,United States,English
903,The Rachel Divide,2018,18,6.2,1.0,Documentary,United States,English
950,I Am Not an Easy Man,2018,,6.3,1.0,Comedy,France,French
995,Aziz Ansari: Right Now,2019,,7.8,1.0,Comedy,United States,English
1005,Choked: Paisa Bolta Hai,2020,-18,5.8,1.0,Drama,India,Hindi
1013,Hannah Gadsby: Douglas,2020,18,7.9,1.0,Comedy,Australia,English
1037,Bad Seeds,2018,18,7.3,1.0,Drama,United States,English
1039,Uyare,2019,,8.0,1.0,Drama,India,Malayalam
1056,Demetri Martin: The Overthinker,2018,,7.2,1.0,Comedy,United States,English
1057,Nayattu,2021,18,8.2,1.0,Thriller,India,Malayalam
1069,Seth Meyers: Lobby Baby,2019,18,7.5,1.0,Comedy,United States,English
1076,Bennett's War,2019,-18,5.9,1.0,Sport,United States,English
1078,Welcome Home,2018,18,5.2,1.0,Thriller,United States,English
1083,The Last Blockbuster,2020,-18,6.7,1.0,Documentary,United States,English
1089,Dancing with the Birds,2019,,8.3,1.0,Documentary,United States,English
1092,Chris Rock: Tamborine,2018,18,6.6,1.0,Comedy,United States,English
1103,Wanda Sykes: Not Normal,2019,,7.2,1.0,Comedy,United States,English
1126,Tom Segura: B-18 Hog,2020,18,7.3,1.0,Comedy,United States,English
1141,We the Animals,2018,18,6.9,1.0,Drama,United States,English
1146,Pete Davidson: Alive from New York,2020,18,6.1,1.0,Comedy,United States,English
1158,This Changes Everything,2019,-18,7.4,1.0,Documentary,United States,English
1160,Take Your Pills,2018,,6.4,1.0,Documentary,United States,English
1190,Paper Lives,2021,,6.7,1.0,Drama,Turkey,Turkish
1204,The Book of Sun,2020,,8.0,1.0,Comedy,Saudi Arabia,Arabic
1206,The Week Of,2018,-18,5.2,1.0,Comedy,United States,English
1208,Security,2021,,4.9,1.0,Thriller,Italy,Italian
1235,Merku Thodarchi Malai,2018,,8.6,1.0,Drama,India,Tamil
1236,Outside In,2018,,6.7,1.0,Drama,United States,English
1269,Anthony Jeselnik: Fire in the Maternity Ward,2019,18,7.0,1.0,Comedy,United States,English
1270,-18 Together Now,2020,-18,6.5,1.0,Drama,United States,English
1289,Ronny Chieng: Asian Comedian Destroys America!,2019,18,7.4,1.0,Comedy,United States,English
1317,Nate Bargatze: The Greatest Average American,2021,-18,7.3,1.0,Comedy,United States,English
1335,Jim Jefferies: This Is Me Now,2018,18,7.4,1.0,Comedy,United States,English
1347,Ultras,2020,,6.0,1.0,Drama,Italy,Italian
1350,Burning Cane,2019,18,5.5,1.0,Drama,United States,English
1366,Strange But True,2019,-18,5.8,1.0,Thriller,Canada,English
1371,-18 Good,2018,,6.5,1.0,Drama,Germany,German
1391,W. Kamau Bell: Private School Negro,2018,,6.4,1.0,Comedy,United States,English
1416,Deon Cole: Cole Hearted,2019,,6.9,1.0,Comedy,United States,English
1422,Eric Andre: Legalize Everything,2020,18,6.2,1.0,Comedy,United States,English
1434,Ari Eldjárn: Pardon My Icelandic,2020,18,7.9,1.0,Comedy,Iceland,English
1439,The Black Godfather,2019,18,7.4,1.0,Documentary,United States,English
1441,Black Holes: The Edge of -18 We Know,2020,,6.6,1.0,Documentary,United States,English
1444,Betty White: First Lady of Television,2018,,7.8,1.0,Documentary,United States,English
1447,Bert Kreischer: Hey Big Boy,2020,,7.1,1.0,Comedy,United States,English
1458,Aykut Enişte,2019,,7.1,1.0,Comedy,Turkey,Turkish
1464,Ready to Mingle,2019,18,5.9,1.0,Comedy,Mexico,Spanish
1478,The Legend of Cocaine Island,2018,18,6.3,1.0,Documentary,United States,English
1483,Step Sisters,2018,-18,5.5,1.0,Comedy,United States,English
1490,Marc Maron: End Times Fun,2020,,6.8,1.0,Comedy,United States,English
1492,American Pie Presents: Girls' Rules,2020,18,3.8,1.0,Comedy,United States,English
1493,Candy Jar,2018,-18,5.8,1.0,Comedy,United States,English
1519,Kardec,2019,,6.1,1.0,Biography,Brazil,Portuguese
1536,Kevin Hart: Zero F**ks Given,2020,18,6.0,1.0,Comedy,United States,English
1553,Rubaru Roshni,2019,,8.8,1.0,Documentary,India,Hindi
1556,Jim Jefferies: Intolerant,2020,18,7.2,1.0,Comedy,,English
1570,Jimmy Carr: The Best of Ultimate Gold Greatest Hits,2019,18,7.3,1.0,Comedy,United Kingdom,English
1571,Pretty Guardians Sailor Moon Eternal The MOVIE - Part 1,2021,,7.1,1.0,,,
1580,Ani... Dr. Kashinath Ghanekar,2018,,8.5,1.0,Drama,India,Marathi
1604,The Long Dumb Road,2018,18,6.1,1.0,Comedy,United States,English
1606,This Little Love of Mine,2021,-18,5.3,1.0,Romance,Australia,English
1609,Amy Schumer: Growing,2019,18,5.2,1.0,Comedy,United States,English
1619,The Minimalists: Less Is Now,2021,,5.9,1.0,Documentary,United States,English
1624,Biking Borders - eine etwas andere Reise,2021,,7.9,1.0,Documentary,Germany,German
1653,Father of the Year,2018,-18,5.2,1.0,Comedy,United States,English
1659,M-18esham,2019,,8.4,1.0,Biography,India,Telugu
1662,Organize İşler: Sazan Sarmalı,2019,,6.0,1.0,Comedy,Turkey,Turkish
1670,Hating Peter Tatchell,2020,,7.8,1.0,Documentary,Australia,English
1678,The Crystal C-18s - Making The Dark Crystal: Age of Resistance,2019,,7.6,1.0,Documentary,United States,English
1679,Sextuplets,2019,-18,4.4,1.0,Comedy,United States,English
1683,Gabriel Iglesias: One Show Fits -18,2019,-18,7.3,1.0,Comedy,,English
1692,Nate Bargatze: The Tennessee Kid,2019,,7.6,1.0,Comedy,United States,English
1694,Sebastian Maniscalco: Stay Hungry,2019,18,7.1,1.0,Comedy,United States,English
1701,Uma Maheswara Ugra Roopasya,2020,,7.8,1.0,Drama,India,Telugu
1722,Dave Chappelle: The Kennedy Center Mark Twain Prize,2020,18,7.5,1.0,Comedy,United States,English
1738,Jeff Dunham: Beside Himself,2019,18,6.9,1.0,Comedy,United States,English
1739,Happy Anniversary,2018,18,5.7,1.0,Comedy,United States,English
1765,Badland,2019,-18,5.5,1.0,Western,United States,English
1777,In Our Mothers' Gardens,2021,,8.9,1.0,Documentary,United States,English
1792,Iliza Shlesinger: Unveiled,2019,18,6.5,1.0,Comedy,United States,English
1795,Recovery Boys,2018,,6.6,1.0,Documentary,United States,English
1801,Greg Davies: You Magnificent Beast,2018,18,7.2,1.0,Comedy,United Kingdom,English
1814,Weed the People,2018,,7.3,1.0,Documentary,United States,English
1818,Oprah Winfrey Presents: When They See Us Now,2019,-18,7.7,1.0,Talk-Show,United States,English
1825,Héroes. Silencio y Rock & Roll,2021,,7.5,1.0,Documentary,Spain,Spanish
1859,Yeh B-18et,2020,-18,7.6,1.0,Drama,India,Hindi
1903,Ronnie Coleman: The King,2018,,7.0,1.0,Documentary,United States,English
1908,Whitney Cummings: Can I Touch It?,2019,,6.5,1.0,Comedy,,English
1912,Cracked Up: The Darrell Hammond Story,2019,18,7.3,1.0,Documentary,United States,English
1917,Jo Koy: Comin’ In Hot,2019,,7.3,1.0,Comedy,United States,English
1919,Every Time I Die,2020,,5.2,1.0,Thriller,United States,English
1935,Chris D'Elia: No Pain,2020,,5.9,1.0,Comedy,United States,English
1957,Secret Obsession,2019,-18,4.4,1.0,Thriller,United States,English
1960,Murder to Mercy: The Cyntoia Brown Story,2020,,6.4,1.0,Documentary,United States,English
1962,Carnaval,2021,,3.9,1.0,Comedy,Brazil,Portuguese
1968,Kandasamys The Wedding,2019,,6.0,1.0,Comedy,South Africa,English
2013,Russell Brand: Re:Birth,2018,,6.6,1.0,Comedy,,English
2014,Creating an Army of the Dead,2021,18,,1.0,,,
2025,Fortune Feimster: Sweet & Salty,2020,,6.9,1.0,Comedy,United States,English
2030,Gad Elmaleh: American Dream,2018,-18,7.2,1.0,Comedy,United States,English
2039,Mehandi Circus,2019,,7.4,1.0,Drama,India,Tamil
2049,What We Wanted,2020,18,5.8,1.0,Drama,Austria,German
2051,Michael McIntyre: Showman,2020,18,7.2,1.0,Comedy,United Kingdom,English
2061,Lady Driver,2020,-18,5.9,1.0,Sport,United States,English
2062,Sarah Cooper: Everything's Fine,2020,18,5.6,1.0,Comedy,United States,English
2063,League of Legends Origins,2019,,6.5,1.0,Documentary,United States,English
2068,Hate by Dani Rovira,2021,,6.7,1.0,Comedy,Spain,Spanish
2071,Guest House,2020,18,4.4,1.0,Comedy,United States,
2074,Tottaa Pataaka Item Maal,2018,,7.5,1.0,Drama,India,Hindi
2081,Tom Papa: You're Doing Great!,2020,,7.2,1.0,Comedy,United States,English
2088,M8 - When Death Rescues Life,2019,,7.0,1.0,Drama,Brazil,Portuguese
2090,Brian Regan: On the Rocks,2021,,6.9,1.0,Comedy,United States,English
2094,7 Yards: The Chris Norton Story,2021,,8.9,1.0,Documentary,United States,English
2095,Shonar Pahar,2018,,8.1,1.0,Drama,India,Bangla
2097,Masameer: The Movie,2020,,6.0,1.0,Animation,Saudi Arabia,Arabic
2110,Sam Jay: 3 in the Morning,2020,,6.5,1.0,Comedy,United States,English
2134,Miss Virginia,2019,-18,7.0,1.0,Drama,United States,English
2135,Kevin James: Never Don't Give Up,2018,-18,6.1,1.0,Comedy,United States,English
2175,Nathicharami,2018,,7.2,1.0,Drama,India,Kannada
2176,Michelle Buteau: Welcome to Buteaupia,2020,18,7.1,1.0,Comedy,United States,English
2196,Cycle,2018,,8.2,1.0,Comedy,India,Telugu
2203,The Tambour of Retribution,2021,,7.3,1.0,Drama,Saudi Arabia,Arabic
2212,Sitting in Limbo,2020,,7.5,1.0,Drama,United Kingdom,English
2221,Salam - The First ****** Nobel Laureate,2019,,7.9,1.0,Documentary,United States,English
2227,Poeslief: een ode aan de kat,2021,,5.1,1.0,Documentary,Netherlands,Dutch
2239,Kevin Hart's Guide to Black History,2019,-18,5.5,1.0,Comedy,United States,English
2241,The Stand at Paxton County,2020,18,6.4,1.0,Thriller,United States,English
2244,My Perfect Romance,2018,-18,4.7,1.0,Romance,Canada,English
2259,Born to Play,2020,,6.3,1.0,Documentary,United States,English
2262,Family Seductions,2021,,4.6,1.0,Thriller,Canada,English
2268,Milkwater,2020,,4.9,1.0,Drama,United States,English
2290,Hurricane Bianca: From Russia with Hate,2018,,4.8,1.0,Comedy,United States,English
2294,African America,2021,,,1.0,Drama,South Africa,English
2313,Nikki Glaser: Bangin',2019,,6.0,1.0,Comedy,United States,English
2328,Bankrolled,2021,,4.4,1.0,Comedy,Mexico,Spanish
2329,Adam Devine: Best Time of Our Lives,2019,-18,5.8,1.0,Comedy,United States,English
2332,Love or Money,2021,,7.0,1.0,Comedy,United States,English
2335,Todd Glass: Act Happy,2018,,5.0,1.0,Comedy,United States,English
2337,Making the Witcher,2020,,6.8,1.0,Documentary,United States,English
2341,Alt-Right: Age of Rage,2018,,5.9,1.0,Documentary,,English
2345,Care Of Kaadhal,2021,,7.8,1.0,Drama,India,Tamil
2351,World Famous Lover,2020,,5.0,1.0,Romance,India,Telugu
2358,Surviving Christmas with the Relatives,2018,,5.1,1.0,Comedy,United Kingdom,English
2360,ReMastered: Who Shot the Sheriff,2018,,6.9,1.0,Documentary,United States,English
2367,Christmas with a Prince,2018,-18,5.2,1.0,Romance,Canada,English
2373,Sam Smith: Love Goes - Live at Abbey Road Studios,2021,,6.9,1.0,Music,United Kingdom,English
2381,The F**k-It List,2020,18,5.1,1.0,Comedy,United States,English
2394,Tiffany Haddish: Black Mitzvah,2019,18,6.2,1.0,Comedy,United States,English
2409,Calum Von Moger: Unbroken,2019,,6.2,1.0,Documentary,United States,English
2413,Pretty Guardians Sailor Moon Eternal The MOVIE - Part 2,2021,,,1.0,,,
2415,HiGH&LOW THE WORST,2019,,6.8,1.0,Action,Japan,Japanese
2431,Quiet,2020,,6.4,1.0,Drama,Chile,Spanish
2442,A Truthful Mother,2019,,8.3,1.0,Animation,India,Sanskrit
2444,40 Sticks,2020,,6.8,1.0,Thriller,Kenya,Swahili
2464,Paris Is Us,2019,,4.6,1.0,Drama,France,French
2470,Bhai - Vyakti ki V-18i,2019,,8.1,1.0,Drama,India,Marathi
2472,What the F* Is Going On?,2019,,7.6,1.0,Comedy,,
2484,Xico's Journey,2020,,5.2,1.0,Animation,Mexico,Spanish
2491,Camarón: The Film,2018,,7.4,1.0,Documentary,Spain,Spanish
2492,Party Monster: Scratching the Surface,2018,,7.0,1.0,Comedy,,
2499,Evvarikee Cheppoddu,2019,,7.2,1.0,Drama,India,Telugu
2500,Rhys Nicholson: Live at the Athenaeum,2020,,7.6,1.0,Comedy,United Kingdom,English
2501,Simon Amstell: Set Free,2019,,6.4,1.0,Comedy,United Kingdom,English
2504,Christmas Break-In,2019,,4.4,1.0,Family,United States,English
2525,Vir Das: Losing It,2018,-18,7.1,1.0,Comedy,United States,English
2526,So Much Love to Give,2020,-18,5.2,1.0,Comedy,Argentina,Spanish
2546,Hikaru Utada Laughter in the Dark Tour 2018,2019,-18,8.3,1.0,Music,Japan,Japanese
2551,Unbridled,2018,-18,5.0,1.0,Thriller,Spain,Spanish
2554,Stars in the Sky: A Hunting Story,2018,,7.3,1.0,Documentary,United States,English
2574,Whindersson Nunes: Adult,2019,,6.9,1.0,Comedy,Brazil,Portuguese
2575,The Fisherman's Diary,2020,,6.5,1.0,Drama,Cameroon,English
2576,Best of Stand-up 2020,2020,,5.5,1.0,Comedy,,English
2579,Not a Game,2020,,5.6,1.0,Documentary,United Kingdom,English
2590,Komola Rocket,2018,,7.5,1.0,Drama,Bangladesh,Bangla
2591,Manusangada,2018,,8.0,1.0,Drama,India,Tamil
2607,The Influence,2019,18,4.5,1.0,Horror,Spain,Spanish
2612,The World We Make,2019,-18,5.3,1.0,Drama,United States,English
2629,Mo Gilligan: Momentum,2019,,6.3,1.0,Comedy,United Kingdom,English
2638,Fatal Affair,2020,-18,4.5,1.0,Thriller,United States,English
2646,Emicida: AmarElo – Live in São Paulo,2021,,6.6,1.0,Music,Brazil,Portuguese
2653,Seth Rogen's Hilarity for Charity,2018,18,5.0,1.0,Comedy,United States,English
2660,How High 2,2019,,3.1,1.0,Comedy,United States,English
2663,God C-18ing,2018,,7.6,1.0,Drama,Nigeria,English
2666,Good Sam,2019,-18,5.7,1.0,,United States,English
2667,#cats_the_mewvie,2020,-18,5.3,1.0,Documentary,Canada,English
2673,Léa & I,2019,,6.7,1.0,Documentary,,English
2677,Munafik 2,2018,,6.1,1.0,Horror,Malaysia,Malay
2678,Parchís: The Documentary,2019,,6.9,1.0,Documentary,Spain,Spanish
2688,Mike Epps: Only One Mike,2019,-18,4.8,1.0,Comedy,United States,English
2690,Kambili: The Whole 30 Yards,2021,,6.4,1.0,Romance,Nigeria,English
2691,D.L. Hughley: Contrarian,2018,,6.6,1.0,Comedy,United States,English
2703,Wheels of Fortune,2020,18,5.4,1.0,Comedy,United States,English
2706,ReMastered: Who Killed Jam Master Jay?,2018,,6.6,1.0,Documentary,,
2713,I Am Vengeance: Retaliation,2020,18,3.4,1.0,Action,United Kingdom,English
2724,Madam Chief Minister,2021,,4.7,1.0,Drama,India,Hindi
2734,Leyla Everlasting,2020,18,3.7,1.0,Comedy,Turkey,Turkish
2739,Hostage House,2021,,5.0,1.0,Thriller,United States,English
2740,Up Among the Stars,2018,,6.2,1.0,Drama,Spain,Spanish
2753,15-Aug,2019,,5.9,1.0,Drama,India,
2761,Dr Jason Leong: Hashtag Blessed,2020,,7.0,1.0,Comedy,,English
2767,Felix Lobrecht: Hype,2020,,6.0,1.0,Comedy,Germany,German
2773,Düğüm Salonu,2018,-18,5.4,1.0,Comedy,Turkey,Turkish
2783,Asees,2018,,7.4,1.0,Drama,India,Punjabi
2786,Upstarts,2019,,6.7,1.0,Drama,India,Hindi
2787,Wannabe Courageous,2019,,5.7,1.0,Comedy,Egypt,Arabic
2796,Rainbow Jelly,2018,,7.1,1.0,Drama,India,Bangla
2805,Tootsies & The Fake,2019,,5.8,1.0,Comedy,Thailand,Thai
2808,Lee Su-geun: The Sense Coach,2021,,4.0,1.0,Comedy,South Korea,Korean
2809,Thottappan,2019,,7.0,1.0,Drama,India,Malayalam
2811,Urzila Carlson: Overqualified Loser,2020,,6.2,1.0,Comedy,Australia,English
2815,Soy Rada: Serendipia,2021,,5.8,1.0,Comedy,Argentina,Spanish
2821,Chris Rock Total Blackout: The Tamborine Extended Cut,2021,,7.1,1.0,Comedy,United States,English
2823,Sugar High,2020,-18,7.3,1.0,Reality-TV,United States,English
2826,Franco Escamilla: bienvenido al mundo,2019,18,7.1,1.0,Comedy,Mexico,Spanish
2828,Larry The Cable Guy: Remain Seated,2020,18,6.7,1.0,Comedy,United States,English
2840,Mutiny of the Worker Bees,2020,18,4.1,1.0,Comedy,Mexico,Spanish
2842,Evening Shadows,2018,,7.1,1.0,Drama,India,Hindi
2845,Mere Pyare Prime Minister,2019,,6.8,1.0,Drama,India,English
2846,Deliha 2,2018,-18,4.5,1.0,Comedy,Turkey,Turkish
2850,Vir Das: Outside in - The Lockdown Special,2020,,6.9,1.0,Comedy,India,English
2854,Hazel Brugger: Tropical,2020,,6.4,1.0,Comedy,Germany,German
2860,Hometown Holiday,2018,-18,5.1,1.0,Romance,Canada,English
2872,Holly Star,2018,-18,5.2,1.0,Comedy,United States,English
2879,Girl's Revenge,2020,,5.6,1.0,Drama,Taiwan,Mandarin
2882,El club de los buenos infieles,2018,,5.6,1.0,Comedy,Spain,Spanish
2890,Ma Rainey's Black Bottom: A Legacy Brought to Screen,2020,-18,,1.0,,,
2894,Andre and His Olive Tree,2020,,6.7,1.0,Documentary,Singapore,English
2900,Wira,2019,,6.3,1.0,Action,Malaysia,Malay
2909,Adel Karam: Live from Beirut,2018,18,5.4,1.0,Comedy,United States,Arabic
2914,Sethum Aayiram Pon,2019,-18,7.2,1.0,Family,India,Tamil
2924,No Place Like Home,2019,-18,4.4,1.0,Comedy,United Kingdom,English
2927,Chhota Bheem - Neeli Pahaadi,2021,,7.4,1.0,Animation,,
2933,Miranda Sings Live... Your Welcome.,2019,,5.5,1.0,Comedy,United States,English
2937,Fary Is the New Black,2018,18,6.0,1.0,Comedy,France,French
2946,Katherine Ryan: Glitter Room,2019,,6.0,1.0,Comedy,United States,English
2954,Undercover Brother 2,2019,18,3.4,1.0,Comedy,United States,English
2957,Deviant Love,2019,-18,3.6,1.0,Thriller,United States,English
2960,Generation Iron 3,2018,,6.2,1.0,Documentary,United States,
2972,Rogue Warfare: Death of a Nation,2020,18,3.2,1.0,Action,United States,English
2976,Loyiso Gola: Unlearning,2021,-18,5.9,1.0,Comedy,South Africa,
2981,Firebrand,2019,,5.2,1.0,,,
2989,Fear Bay,2019,,4.3,1.0,Thriller,United States,English
2993,Islands of Faith,2020,,7.3,1.0,Documentary,Indonesia,Indonesian
2998,Notes for My Son,2020,,6.3,1.0,Drama,Argentina,Spanish
3006,Albert Pinto Ko Gussa Kyun Aata Hai?,2019,,5.5,1.0,Drama,India,Hindi
3007,Jeff Garlin: Our Man in Chicago,2019,,5.9,1.0,Comedy,United States,English
3021,5 Star Christmas,2018,-18,4.6,1.0,Comedy,Italy,Italian
3025,Chippa,2020,,6.5,1.0,Drama,India,Hindi
3026,Agustín Aristarán: Soy Rada,2018,18,6.5,1.0,Comedy,Argentina,Spanish
3029,Kill Me Twice,2019,-18,4.3,1.0,Thriller,United States,English
3031,George Lopez: We'll Do It for Half,2020,18,5.6,1.0,Comedy,United States,English
3033,Keeping the Bees,2019,,5.8,1.0,Drama,Turkey,Turkish
3039,The Reliant,2019,-18,3.5,1.0,Action,United States,English
3044,Voiceless,2020,,6.6,1.0,Thriller,Nigeria,Fulah
3048,Black Is Beltza,2018,,5.8,1.0,Animation,,
3052,Aalorukkam,2018,,6.5,1.0,Drama,India,Malayalam
3061,Ayotzinapa: The Turtle's Pace,2018,,7.5,1.0,,,
3063,100% Halal,2020,,6.8,1.0,Drama,Indonesia,Indonesian
3067,Lilli,2018,18,5.8,1.0,Thriller,India,Malayalam
3068,Fishtronaut: The Movie,2018,-18,7.4,1.0,,,
3074,Generasi 90an: Melankolia,2020,-18,5.8,1.0,Drama,Indonesia,Indonesian
3077,Dark City Beneath the Beat,2020,,6.6,1.0,Documentary,United States,English
3095,Rogue Warfare: The Hunt,2019,18,3.1,1.0,Action,United States,English
3096,David Batra: Elephant in The Room,2020,,5.9,1.0,,,
3104,Little Singham: Kaal Ki Tabaahi,2019,,,1.0,,,
3105,Savita Damodar Paranjpe,2018,,5.9,1.0,Thriller,India,Marathi
3108,Franco Escamilla: For the Anecdote,2018,,7.0,1.0,,,
3123,PNL - Dans la légende tour,2020,,,1.0,,,
3128,Stunt School,2019,,4.4,1.0,Comedy,Turkey,Turkish
3131,Rattlesnake: The Ahanna Story,2020,,5.4,1.0,Drama,Nigeria,English
3132,Full Out 2: You Got This!,2020,,4.8,1.0,Family,United States,English
3134,Baby Mamas,2018,,6.5,1.0,Comedy,South Africa,English
3140,Enissa Amani: Ehrenwort,2018,-18,5.7,1.0,Comedy,Germany,German
3141,4th Republic,2019,,6.4,1.0,Thriller,Nigeria,English
3142,Furtive,2020,,5.0,1.0,Thriller,Argentina,Spanish
3153,Alan Saldaña: Locked Up,2021,,4.1,1.0,Comedy,Mexico,Spanish
3168,Luccas Neto em: Uma Babá Muito Esquisita,2019,,,1.0,Family,Brazil,Portuguese
3175,Babamın Ceketi,2018,,4.8,1.0,Comedy,Turkey,Turkish
3180,Ser Tão Velho Cerrado,2018,,7.7,1.0,Documentary,Brazil,Portuguese
3184,Up North,2018,,5.6,1.0,Drama,Nigeria,English
3188,Jada,2019,,5.6,1.0,Drama,United States,English
3192,Bhai - Vyakti Ki V-18i 2 Uttarardha,2019,,7.7,1.0,,,
3193,Bucket List,2018,,6.0,1.0,Family,India,Marathi
3202,Alexis Viera: A Story of Surviving,2019,,7.2,1.0,Documentary,Uruguay,Spanish
3207,Three Thieves,2019,,,1.0,Comedy,Nigeria,
3210,2 Weeks in Lagos,2021,,7.2,1.0,Romance,Nigeria,English
3218,Ricardo Quevedo: Los amargados somos más,2019,,7.3,1.0,Comedy,,Spanish
3229,Reframe THEATER EXPERIENCE with you,2020,,,1.0,,,
3230,Perfume Imaginary Museum “Time Warp”,2020,,,1.0,Music,Japan,Japanese
3231,This Lady C-18ed Life,2020,,6.3,1.0,Drama,Nigeria,English
3233,W/O Ram,2018,,6.1,1.0,Thriller,India,Telugu
3235,Go! The Unforgettable Party,2019,,5.5,1.0,Family,Argentina,Spanish
3237,Mauricio Meirelles: Generating Chaos,2020,,6.5,1.0,Comedy,Brazil,Portuguese
3243,The End of Doel's Love Story,2020,,6.7,1.0,,,
3248,No One Will Ever Know,2018,18,6.1,1.0,Drama,Mexico,Spanish
3253,Super Monsters Furever Friends,2019,,5.5,1.0,Animation,,English
3267,The App That Stole Christmas,2020,-18,3.6,1.0,Comedy,United States,English
3270,Mama Drama,2020,,,1.0,Drama,Nigeria,English
3272,Jo Koy: In His Elements,2020,18,5.3,1.0,Comedy,United States,English
3273,Azali,2018,,5.6,1.0,Drama,Ghana,Akan
3276,Si saben cómo me pongo ¿pa' qué me invitan?,2018,,4.7,1.0,Comedy,Colombia,Spanish
3281,Hope Ranch,2020,-18,4.4,1.0,Family,United States,English
3282,Fate of Alakada,2020,,7.0,1.0,Comedy,Nigeria,English
3284,Imago,2018,,7.0,1.0,Horror,United States,English
3294,Any Crybabies Around?,2020,,6.0,1.0,Drama,Japan,Japanese
3305,My Birthday Song,2018,,5.5,1.0,Thriller,India,Hindi
3310,Bonne nuit Blanche,2019,,7.3,1.0,Comedy,France,French
3311,Alex Fernández: The Best Comedian in the World,2020,,6.1,1.0,Comedy,Mexico,Spanish
3313,Luccas Neto in: The End of Christmas,2019,,,1.0,,,
3324,Penalty,2019,,5.5,1.0,Sport,India,Hindi
3326,Mauli,2018,,5.7,1.0,Action,India,Marathi
3328,Mujeres arriba,2020,,3.8,1.0,Comedy,Chile,Spanish
3333,Luccas Neto in: Children's Day,2019,,,1.0,,,
3337,Light in the Dark,2020,-18,6.0,1.0,Thriller,Nigeria,English
3344,Kasanova,2019,,6.5,1.0,Romance,Nigeria,English
3349,BNK48: One Take,2020,,5.7,1.0,,,
3353,Nothing to Lose - Part 2,2019,-18,3.3,1.0,Family,,
3354,Calico Critters: Everyone's Big Dream Flying in the Sky,2020,,,1.0,,,
3358,The Birth Reborn 3,2018,-18,,1.0,Documentary,,
3360,Arsenio H-18: Smart and Classy,2019,,6.0,1.0,Comedy,United States,English
3365,90 ML,2019,,3.4,1.0,Comedy,India,Tamil
3367,Ni de coña,2020,,2.8,1.0,Comedy,Spain,Spanish
3387,We Are Legends,2019,,5.2,1.0,Action,Hong Kong SAR China,Cantonese
3391,Voulez-vous rire avec moi ce soir?,2018,,6.8,1.0,Documentary,France,French
3392,David A. Arnold: Fat B-18erina,2020,,7.4,1.0,Comedy,United States,English
3394,Park Na-rae: Glamour Warning,2019,,4.9,1.0,Comedy,Korea,
3400,Nimbe,2019,,5.7,1.0,Drama,Nigeria,English
3405,I’m No Longer Here: A Conversation with Guillermo Del Toro & Alfonso Cuarón,2020,,7.1,1.0,,,
3423,Adhugo,2018,,6.0,1.0,Drama,India,Telugu
3426,Kaake Da Viyah,2019,,5.1,1.0,Comedy,India,Punjabi
3430,Cultivating the Seas: History and Future of the Full-Cycle Cultured Kindai Tuna,2019,,,1.0,,,
3431,Elf Pets: A Fox Cub's Christmas Tale,2019,,4.8,1.0,Animation,United States,English
3435,The Netflix Afterparty: The Best Shows of The Worst Year,2020,,4.8,1.0,Talk-Show,United States,English
3437,To Be of Service,2019,,7.3,1.0,Documentary,United States,English
3444,Uqdat el-Khawagah,2018,,4.6,1.0,Comedy,Egypt,Arabic
3450,Fadily Camara: La plus drôle de tes copines,2019,,5.5,1.0,Comedy,France,French
3452,Edoardo Ferrario: Temi Caldi,2019,,6.8,1.0,Comedy,Italy,Italian
3465,Beyond the Boundary: ICC Women's T20 World Cup Australia 2020,2020,,,1.0,,,
3466,Loving is Losing,2019,,5.1,1.0,Comedy,Colombia,Spanish
3467,RebellComedy: Straight Outta the Zoo,2021,18,4.7,1.0,Comedy,Germany,German
3468,Luccas Neto in: Summer Camp,2019,,,1.0,,,
3475,Bogda,2018,,7.1,1.0,Drama,India,Marathi
3480,Fan of Amoory,2018,,5.2,1.0,Drama,United Arab Emirates,Arabic
3482,Love Is War,2019,,7.2,1.0,Drama,Nigeria,English
3486,The Birth Reborn 2,2018,-18,,1.0,Documentary,,
3488,R. K. Nagar,2019,,5.2,1.0,Comedy,India,Tamil
3492,Natalie Palamides: Nate - A One Man Show,2020,,4.8,1.0,Comedy,United States,English
3501,Saverio Raimondo: Il Satiro Parlante,2019,-18,5.9,1.0,Comedy,Italy,Italian
3506,Lagos Real Fake Life,2018,,,1.0,,,
3520,Harith Iskander: I Told You So,2018,,4.6,1.0,Comedy,United States,English
3531,Francesco De Carlo: Cose di Questo Mondo,2019,,5.7,1.0,Comedy,Italy,Italian
3546,Life of An Outcast,2018,,6.6,1.0,Drama,India,Hindi
3549,Hot Gimmick: Girl Meets Boy,2019,,4.5,1.0,Drama,Japan,Japanese
3555,Surviving R. Kelly: The Impact,2019,-18,6.2,1.0,Documentary,United States,
3571,London Hughes: To Catch A D*ck,2020,,4.7,1.0,Comedy,United States,English
3572,Fakkah Fuzz: Almost Banned,2018,,4.2,1.0,Comedy,Singapore,English
3573,Sanitation Day,2021,,3.8,1.0,Thriller,Nigeria,Yoruba
3581,Yoo Byung Jae: Too Much Information,2018,,5.3,1.0,Comedy,,
3583,Moms at War,2018,,6.1,1.0,Comedy,Nigeria,English
3589,True: Wuzzle Wegg Day,2020,,7.1,1.0,Animation,Canada,English
3590,Lo más sencillo es complicarlo todo,2018,-18,3.8,1.0,Comedy,Mexico,Spanish
3597,Truckbhar Sapne,2018,,5.7,1.0,Drama,India,Marathi
3598,Liss Pereira: Renteniendo Liquidos,2019,,6.6,1.0,Comedy,Brazil,Spanish
3600,Thomas e Seus Amigos - A Locomotiva Real,2020,,6.3,1.0,,,
3602,Santo Cachón,2018,,4.6,1.0,Comedy,Colombia,Spanish
3611,Freej Al Taibeen,2018,-18,6.3,1.0,Comedy,United Arab Emirates,Arabic
3613,The Ghost and the Tout,2018,,3.8,1.0,Comedy,Nigeria,English
3616,Sm-18 Chops,2020,,3.1,1.0,Drama,Nigeria,English
3618,Yoo Byung Jae: Discomfort Zone,2018,,4.8,1.0,Comedy,South Korea,Korean
3621,Holy Expectations,2019,,4.9,1.0,Comedy,,
3623,Grego Rossello: disculpe las molestias,2019,18,4.4,1.0,Comedy,Argentina,Spanish
3629,Thomas E Seus Amigos Minas do Mistério,2019,,2.5,1.0,,,
3630,Thomas E Seus Amigos Todos os trilhos levam a Roma,2019,,2.0,1.0,,,
3633,The Circle: The Afterparty,2021,,,1.0,Talk-Show,,
3634,The Upshaws - The Afterparty,2021,18,,1.0,Talk-Show,,
3635,Angu Vaikuntapurathu (Malayalam),2020,,,1.0,,,
3636,The Boys in the Band: Something Personal,2020,,,1.0,Documentary,United States,English
3643,Har Kisse Ke Hisse Kaamyaab,2020,-18,,1.0,Drama,India,Hindi
3644,ReFrame,2020,,,1.0,Documentary,Australia,English
3645,Once In A Lifetime Sessions with Nile Rodgers,2018,,,1.0,Music,United Kingdom,English
3648,Once in a Lifetime Sessions with OneRepublic,2018,,,1.0,Music,United Kingdom,English
3650,Wave of Cinema: Surat Dari Timur,2020,,,1.0,,,
3655,Chhota Bheem Ka Roosi Romanch,2019,-18,,1.0,,,
3657,Diamonds In The Sky,2018,,,1.0,Drama,Nigeria,English
3659,Ratones Paranoicos: The Band that Rocked Argentina,2021,,,1.0,,,
3664,Little Singham: Mahabali,2019,,,1.0,,,
3665,ChuChuTV Surprise Eggs Learning Videos (Hindi),2019,,,1.0,,,
3669,Little Singham: Legend of Dugabakka,2020,,,1.0,Action,India,Hindi
3672,Velvet Colección: Grand Finale,2020,,,1.0,,,
3673,Once in a Lifetime Sessions with Kasabian,2018,,,1.0,Music,United Kingdom,English
3674,She Is,2019,,,1.0,Drama,Nigeria,English
3676,The Last Bomb of the Second World War,2019,,,1.0,Drama,India,Tamil
3678,Falz Experience,2018,,,1.0,Talk-Show,Spain,Spanish
3680,Thomas & Friends: Marvelous Machinery: A New Arrival,2020,,,1.0,Animation,,English
3684,ChuChuTV Surprise Eggs Learning Videos (English),2019,,,1.0,,,
3686,ChuChuTV Bedtime Stories & Moral Stories for Kids (Hindi),2019,,,1.0,,,
3688,Amit Tandon: Family Tandoncies,2019,,,1.0,Comedy,India,
3689,Wave of Cinema: Filosofi Kopi,2020,,,1.0,,,
3690,Thomas & Friends: Marvelous Machinery: World of Tomorrow,2020,,,1.0,Short,,English
3691,ChuChuTV Bedtime Stories & Moral Stories for Kids (English),2019,,,1.0,,,
